{
    "loss": 9.070268630981445,
    "accuracy": 0.5035971403121948
}